CustomerID,Recency,Frequency,Monetary,R_score,F_score,M_score,RFM_score,Segment,Frequency_capped
12350,310,1,294.4,1,1,1,111,At-Risk Accounts,1
12353,204,1,89.0,1,1,1,111,At-Risk Accounts,1
12354,232,1,1079.4,1,1,3,113,At-Risk Accounts,1
12355,214,1,459.4,1,1,2,112,At-Risk Accounts,1
12361,287,1,174.9,1,1,1,111,At-Risk Accounts,1
12365,291,1,320.69,1,1,2,112,At-Risk Accounts,1
12371,60,1,1527.96,2,1,3,213,At-Risk Accounts,1
12373,311,1,324.6,1,1,2,112,At-Risk Accounts,1
12377,315,2,1548.12,1,2,3,123,At-Risk Accounts,2
12378,130,1,4008.62,2,1,4,214,At-Risk Accounts,1
12386,338,2,401.9,1,2,2,122,At-Risk Accounts,2
12390,80,1,504.84,2,1,2,212,At-Risk Accounts,1
12401,303,1,69.3,1,1,1,111,At-Risk Accounts,1
12402,323,1,195.6,1,1,1,111,At-Risk Accounts,1
12405,149,1,1390.3899999999999,1,1,3,113,At-Risk Accounts,1
12410,309,2,533.33,1,2,2,122,At-Risk Accounts,2
12418,113,1,668.58,2,1,3,213,At-Risk Accounts,1
12420,64,1,600.39,2,1,2,212,At-Risk Accounts,1
12424,163,2,1760.96,1,2,4,124,At-Risk Accounts,2
12425,78,1,777.2,2,1,3,213,At-Risk Accounts,1
12426,195,1,510.73,1,1,2,112,At-Risk Accounts,1
12436,100,1,429.01,2,1,2,212,At-Risk Accounts,1
12441,367,1,155.55,1,1,1,111,At-Risk Accounts,1
12446,58,1,1002.31,2,1,3,213,At-Risk Accounts,1
12447,243,1,431.49,1,1,2,112,At-Risk Accounts,1
12450,156,2,197.88,1,2,1,121,At-Risk Accounts,2
12453,134,1,707.09,2,1,3,213,At-Risk Accounts,1
12454,56,1,3528.34,2,1,4,214,At-Risk Accounts,1
12461,155,1,626.88,1,1,2,112,At-Risk Accounts,1
12468,188,2,657.54,1,2,2,122,At-Risk Accounts,2
12475,54,1,669.38,2,1,3,213,At-Risk Accounts,1
12489,336,1,298.93,1,1,1,111,At-Risk Accounts,1
12493,166,2,379.74,1,2,2,122,At-Risk Accounts,2
12497,82,1,953.1,2,1,3,213,At-Risk Accounts,1
12501,337,1,2025.3899999999999,1,1,4,114,At-Risk Accounts,1
12506,233,1,73.5,1,1,1,111,At-Risk Accounts,1
12509,284,1,158.5,1,1,1,111,At-Risk Accounts,1
12513,113,1,558.29,2,1,2,212,At-Risk Accounts,1
12514,267,1,1017.6800000000001,1,1,3,113,At-Risk Accounts,1
12515,353,1,278.7,1,1,1,111,At-Risk Accounts,1
12519,64,1,276.84,2,1,1,211,At-Risk Accounts,1
12521,143,1,545.68,2,1,2,212,At-Risk Accounts,1
12534,131,1,981.18,2,1,3,213,At-Risk Accounts,1
12536,59,1,4279.71,2,1,4,214,At-Risk Accounts,1
12547,198,2,151.8,1,2,1,121,At-Risk Accounts,2
12548,166,1,67.19999999999999,1,1,1,111,At-Risk Accounts,1
12550,79,1,824.83,2,1,3,213,At-Risk Accounts,1
12551,358,1,168.0,1,1,1,111,At-Risk Accounts,1
12559,311,2,525.71,1,2,2,122,At-Risk Accounts,2
12561,303,1,238.85,1,1,1,111,At-Risk Accounts,1
12564,261,1,402.9,1,1,2,112,At-Risk Accounts,1
12565,289,1,145.92,1,1,1,111,At-Risk Accounts,1
12566,86,1,297.65,2,1,1,211,At-Risk Accounts,1
12573,227,1,160.54,1,1,1,111,At-Risk Accounts,1
12574,316,1,182.45,1,1,1,111,At-Risk Accounts,1
12579,78,1,386.42,2,1,2,212,At-Risk Accounts,1
12580,247,1,379.7,1,1,2,112,At-Risk Accounts,1
12582,239,2,351.36,1,2,2,122,At-Risk Accounts,2
12585,234,2,1824.1,1,2,4,124,At-Risk Accounts,2
12590,211,1,9341.26,1,1,4,114,At-Risk Accounts,1
12591,317,1,368.84999999999997,1,1,2,112,At-Risk Accounts,1
12602,59,1,153.12,2,1,1,211,At-Risk Accounts,1
12607,60,1,1579.51,2,1,3,213,At-Risk Accounts,1
12611,52,1,1193.32,2,1,3,213,At-Risk Accounts,1
12612,74,1,668.04,2,1,3,213,At-Risk Accounts,1
12614,278,1,315.6,1,1,2,112,At-Risk Accounts,1
12622,232,1,162.1,1,1,1,111,At-Risk Accounts,1
12623,276,1,269.1,1,1,1,111,At-Risk Accounts,1
12625,212,2,2413.82,1,2,4,124,At-Risk Accounts,2
12631,57,1,480.5,2,1,2,212,At-Risk Accounts,1
12639,239,1,366.1,1,1,2,112,At-Risk Accounts,1
12641,115,1,145.9,2,1,1,211,At-Risk Accounts,1
12644,130,1,477.90999999999997,2,1,2,212,At-Risk Accounts,1
12648,155,1,300.05,1,1,1,111,At-Risk Accounts,1
12651,335,1,114.0,1,1,1,111,At-Risk Accounts,1
12652,331,1,793.98,1,1,3,113,At-Risk Accounts,1
12653,149,2,2209.85,1,2,4,124,At-Risk Accounts,2
12665,325,1,45.0,1,1,1,111,At-Risk Accounts,1
12667,58,1,460.13,2,1,2,212,At-Risk Accounts,1
12669,151,2,1427.73,1,2,3,123,At-Risk Accounts,2
12672,330,1,225.9,1,1,1,111,At-Risk Accounts,1
12686,372,1,71.14,1,1,1,111,At-Risk Accounts,1
12688,114,1,4873.81,2,1,4,214,At-Risk Accounts,1
12690,206,1,335.01,1,1,2,112,At-Risk Accounts,1
12703,71,1,265.55,2,1,1,211,At-Risk Accounts,1
12707,292,1,603.42,1,1,2,112,At-Risk Accounts,1
12715,106,1,263.36,2,1,1,211,At-Risk Accounts,1
12717,151,2,830.98,1,2,3,123,At-Risk Accounts,2
12718,71,1,202.25,2,1,1,211,At-Risk Accounts,1
12725,371,1,371.8,1,1,2,112,At-Risk Accounts,1
12729,114,1,417.01,2,1,2,212,At-Risk Accounts,1
12732,180,1,218.26,1,1,1,111,At-Risk Accounts,1
12733,234,1,383.95,1,1,2,112,At-Risk Accounts,1
12734,353,1,110.39999999999999,1,1,1,111,At-Risk Accounts,1
12735,315,2,689.5699999999999,1,2,3,123,At-Risk Accounts,2
12736,333,1,144.0,1,1,1,111,At-Risk Accounts,1
12738,372,1,137.35,1,1,1,111,At-Risk Accounts,1
12739,99,1,975.54,2,1,3,213,At-Risk Accounts,1
12740,64,1,427.6,2,1,2,212,At-Risk Accounts,1
12750,129,1,275.88,2,1,1,211,At-Risk Accounts,1
12752,81,1,4366.78,2,1,4,214,At-Risk Accounts,1
12755,281,2,3811.9500000000003,1,2,4,124,At-Risk Accounts,2
12756,87,1,112.08,2,1,1,211,At-Risk Accounts,1
12764,317,1,1693.88,1,1,4,114,At-Risk Accounts,1
12769,239,1,1143.6,1,1,3,113,At-Risk Accounts,1
12770,211,1,1351.45,1,1,3,113,At-Risk Accounts,1
12772,60,1,752.47,2,1,3,213,At-Risk Accounts,1
12785,364,1,255.95,1,1,1,111,At-Risk Accounts,1
12789,65,1,76.85,2,1,1,211,At-Risk Accounts,1
12790,192,1,294.92,1,1,1,111,At-Risk Accounts,1
12791,374,1,177.6,1,1,1,111,At-Risk Accounts,1
12792,257,1,344.54,1,1,2,112,At-Risk Accounts,1
12793,335,2,461.48,1,2,2,122,At-Risk Accounts,2
12797,366,1,226.03,1,1,1,111,At-Risk Accounts,1
12802,187,1,397.58,1,1,2,112,At-Risk Accounts,1
12809,178,1,405.31,1,1,2,112,At-Risk Accounts,1
12811,262,2,458.85,1,2,2,122,At-Risk Accounts,2
12814,102,1,85.92,2,1,1,211,At-Risk Accounts,1
12815,148,2,863.46,1,2,3,123,At-Risk Accounts,2
12817,281,1,126.03999999999999,1,1,1,111,At-Risk Accounts,1
12818,262,1,1182.08,1,1,3,113,At-Risk Accounts,1
12821,214,1,92.72,1,1,1,111,At-Risk Accounts,1
12824,60,1,397.12,2,1,2,212,At-Risk Accounts,1
12829,337,2,293.0,1,2,1,121,At-Risk Accounts,2
12831,262,1,215.05,1,1,1,111,At-Risk Accounts,1
12833,145,1,417.38,1,1,2,112,At-Risk Accounts,1
12834,283,1,312.38,1,1,2,112,At-Risk Accounts,1
12837,173,1,134.1,1,1,1,111,At-Risk Accounts,1
12851,97,1,131.81,2,1,1,211,At-Risk Accounts,1
12852,295,1,311.55,1,1,2,112,At-Risk Accounts,1
12855,373,1,38.099999999999994,1,1,1,111,At-Risk Accounts,1
12857,211,2,1106.4,1,2,3,123,At-Risk Accounts,2
12863,52,1,521.2,2,1,2,212,At-Risk Accounts,1
12864,138,1,147.12,2,1,1,211,At-Risk Accounts,1
12866,283,1,499.12,1,1,2,112,At-Risk Accounts,1
12872,327,2,599.97,1,2,2,122,At-Risk Accounts,2
12873,282,1,374.0,1,1,2,112,At-Risk Accounts,1
12878,236,2,854.99,1,2,3,123,At-Risk Accounts,2
12881,276,1,298.0,1,1,1,111,At-Risk Accounts,1
12884,88,1,309.05,2,1,2,212,At-Risk Accounts,1
12888,214,2,354.12,1,2,2,122,At-Risk Accounts,2
12897,205,2,216.5,1,2,1,121,At-Risk Accounts,2
12902,265,1,138.68,1,1,1,111,At-Risk Accounts,1
12908,176,2,750.0,1,2,3,123,At-Risk Accounts,2
12915,149,2,363.65,1,2,2,122,At-Risk Accounts,2
12917,128,1,594.0,2,1,2,212,At-Risk Accounts,1
12922,161,1,405.38,1,1,2,112,At-Risk Accounts,1
12923,64,1,171.57,2,1,1,211,At-Risk Accounts,1
12929,312,1,117.85,1,1,1,111,At-Risk Accounts,1
12945,288,1,462.95,1,1,2,112,At-Risk Accounts,1
12956,306,1,108.07,1,1,1,111,At-Risk Accounts,1
12965,89,1,769.8100000000001,2,1,3,213,At-Risk Accounts,1
12967,358,2,1660.9,1,2,4,124,At-Risk Accounts,2
12968,112,1,135.95,2,1,1,211,At-Risk Accounts,1
12974,198,1,144.8,1,1,1,111,At-Risk Accounts,1
12976,212,1,738.6,1,1,3,113,At-Risk Accounts,1
12977,156,1,39.239999999999995,1,1,1,111,At-Risk Accounts,1
12982,243,1,390.54,1,1,2,112,At-Risk Accounts,1
12988,292,1,505.82,1,1,2,112,At-Risk Accounts,1
12995,85,1,211.32,2,1,1,211,At-Risk Accounts,1
13002,318,1,120.95,1,1,1,111,At-Risk Accounts,1
13005,174,2,513.7,1,2,2,122,At-Risk Accounts,2
13006,56,1,81.57,2,1,1,211,At-Risk Accounts,1
13008,323,1,229.47,1,1,1,111,At-Risk Accounts,1
13011,372,1,50.55,1,1,1,111,At-Risk Accounts,1
13033,357,1,190.55,1,1,1,111,At-Risk Accounts,1
13043,273,1,516.42,1,1,2,112,At-Risk Accounts,1
13044,291,1,560.47,1,1,2,112,At-Risk Accounts,1
13045,99,1,305.28000000000003,2,1,2,212,At-Risk Accounts,1
13052,212,1,348.15,1,1,2,112,At-Risk Accounts,1
13059,250,1,183.4,1,1,1,111,At-Risk Accounts,1
13060,254,1,307.53,1,1,2,112,At-Risk Accounts,1
13061,72,1,248.60999999999999,2,1,1,211,At-Risk Accounts,1
13062,191,1,331.98,1,1,2,112,At-Risk Accounts,1
13065,373,1,205.85999999999999,1,1,1,111,At-Risk Accounts,1
13067,82,1,115.46000000000001,2,1,1,211,At-Risk Accounts,1
13070,192,1,228.8,1,1,1,111,At-Risk Accounts,1
13072,267,1,177.15,1,1,1,111,At-Risk Accounts,1
13075,130,1,919.61,2,1,3,213,At-Risk Accounts,1
13080,179,1,58.08,1,1,1,111,At-Risk Accounts,1
13085,158,2,416.08,1,2,2,122,At-Risk Accounts,2
13095,71,1,74.4,2,1,1,211,At-Risk Accounts,1
13099,99,1,207.36,2,1,1,211,At-Risk Accounts,1
13101,234,1,101.19,1,1,1,111,At-Risk Accounts,1
13106,133,1,76.5,2,1,1,211,At-Risk Accounts,1
13108,373,1,350.06,1,1,2,112,At-Risk Accounts,1
13116,138,1,501.14,2,1,2,212,At-Risk Accounts,1
13120,239,1,30.6,1,1,1,111,At-Risk Accounts,1
13121,269,1,283.73,1,1,1,111,At-Risk Accounts,1
13127,78,1,259.17,2,1,1,211,At-Risk Accounts,1
13130,94,1,64.0,2,1,1,211,At-Risk Accounts,1
13132,262,1,77.3,1,1,1,111,At-Risk Accounts,1
13133,274,2,109.8,1,2,1,121,At-Risk Accounts,2
13135,197,1,3096.0,1,1,4,114,At-Risk Accounts,1
13144,333,1,110.95,1,1,1,111,At-Risk Accounts,1
13151,296,1,1257.87,1,1,3,113,At-Risk Accounts,1
13161,313,1,112.75,1,1,1,111,At-Risk Accounts,1
13166,283,1,417.2,1,1,2,112,At-Risk Accounts,1
13177,65,1,282.45,2,1,1,211,At-Risk Accounts,1
13185,268,1,71.4,1,1,1,111,At-Risk Accounts,1
13187,337,1,236.02,1,1,1,111,At-Risk Accounts,1
13193,61,1,112.08,2,1,1,211,At-Risk Accounts,1
13194,136,1,60.7,2,1,1,211,At-Risk Accounts,1
13210,94,1,353.48,2,1,2,212,At-Risk Accounts,1
13216,268,1,333.74,1,1,2,112,At-Risk Accounts,1
13218,127,1,62.64,2,1,1,211,At-Risk Accounts,1
13221,240,2,844.86,1,2,3,123,At-Risk Accounts,2
13223,200,2,163.2,1,2,1,121,At-Risk Accounts,2
13226,273,1,108.21000000000001,1,1,1,111,At-Risk Accounts,1
13227,202,1,257.7,1,1,1,111,At-Risk Accounts,1
13228,81,1,358.0,2,1,2,212,At-Risk Accounts,1
13229,226,1,160.95,1,1,1,111,At-Risk Accounts,1
13235,212,1,1031.07,1,1,3,113,At-Risk Accounts,1
13239,262,1,329.56,1,1,2,112,At-Risk Accounts,1
13243,203,1,585.12,1,1,2,112,At-Risk Accounts,1
13244,93,1,121.74000000000001,2,1,1,211,At-Risk Accounts,1
13253,157,2,1030.4,1,2,3,123,At-Risk Accounts,2
13259,62,1,283.18,2,1,1,211,At-Risk Accounts,1
13260,61,1,557.62,2,1,2,212,At-Risk Accounts,1
13261,269,2,944.1,1,2,3,123,At-Risk Accounts,2
13262,263,1,200.29,1,1,1,111,At-Risk Accounts,1
13270,366,1,590.0,1,1,2,112,At-Risk Accounts,1
13273,113,1,138.98,2,1,1,211,At-Risk Accounts,1
13279,78,1,137.75,2,1,1,211,At-Risk Accounts,1
13284,331,1,201.19,1,1,1,111,At-Risk Accounts,1
13291,156,1,361.11,1,1,2,112,At-Risk Accounts,1
13294,190,2,873.74,1,2,3,123,At-Risk Accounts,2
13295,360,1,201.2,1,1,1,111,At-Risk Accounts,1
13296,137,1,87.4,2,1,1,211,At-Risk Accounts,1
13299,268,1,142.5,1,1,1,111,At-Risk Accounts,1
13300,169,1,371.89,1,1,2,112,At-Risk Accounts,1
13302,155,1,63.75,1,1,1,111,At-Risk Accounts,1
13304,351,1,300.42,1,1,1,111,At-Risk Accounts,1
13307,120,1,15.0,2,1,1,211,At-Risk Accounts,1
13325,82,1,675.3,2,1,3,213,At-Risk Accounts,1
13328,316,1,1308.48,1,1,3,113,At-Risk Accounts,1
13336,77,1,795.12,2,1,3,213,At-Risk Accounts,1
13338,158,1,422.02,1,1,2,112,At-Risk Accounts,1
13339,201,1,860.12,1,1,3,113,At-Risk Accounts,1
13341,261,1,775.85,1,1,3,113,At-Risk Accounts,1
13343,178,1,303.43,1,1,1,111,At-Risk Accounts,1
13345,288,1,339.5,1,1,2,112,At-Risk Accounts,1
13347,70,1,291.36,2,1,1,211,At-Risk Accounts,1
13348,64,1,233.76,2,1,1,211,At-Risk Accounts,1
13351,66,1,323.94,2,1,2,212,At-Risk Accounts,1
13352,60,1,347.98,2,1,2,212,At-Risk Accounts,1
13354,71,1,743.53,2,1,3,213,At-Risk Accounts,1
13355,122,1,674.7,2,1,3,213,At-Risk Accounts,1
13356,80,1,768.24,2,1,3,213,At-Risk Accounts,1
13357,257,1,609.4,1,1,2,112,At-Risk Accounts,1
13358,269,1,389.03,1,1,2,112,At-Risk Accounts,1
13359,64,1,389.56,2,1,2,212,At-Risk Accounts,1
13364,71,1,134.96,2,1,1,211,At-Risk Accounts,1
13368,257,2,573.4,1,2,2,122,At-Risk Accounts,2
13369,366,1,258.28,1,1,1,111,At-Risk Accounts,1
13370,372,1,754.87,1,1,3,113,At-Risk Accounts,1
13372,90,1,328.64,2,1,2,212,At-Risk Accounts,1
13375,89,1,778.65,2,1,3,213,At-Risk Accounts,1
13382,281,1,222.99,1,1,1,111,At-Risk Accounts,1
13385,330,1,534.57,1,1,2,112,At-Risk Accounts,1
13390,75,1,544.08,2,1,2,212,At-Risk Accounts,1
13391,204,1,59.8,1,1,1,111,At-Risk Accounts,1
13395,185,1,307.72,1,1,2,112,At-Risk Accounts,1
13398,192,1,457.34000000000003,1,1,2,112,At-Risk Accounts,1
13405,204,2,557.45,1,2,2,122,At-Risk Accounts,2
13411,107,1,213.55,2,1,1,211,At-Risk Accounts,1
13419,64,1,221.06,2,1,1,211,At-Risk Accounts,1
13420,150,2,159.85,1,2,1,121,At-Risk Accounts,2
13422,64,1,2626.3,2,1,4,214,At-Risk Accounts,1
13439,255,1,283.71,1,1,1,111,At-Risk Accounts,1
13441,92,1,296.64,2,1,1,211,At-Risk Accounts,1
13452,259,2,590.0,1,2,2,122,At-Risk Accounts,2
13453,166,2,356.98,1,2,2,122,At-Risk Accounts,2
13462,253,1,151.5,1,1,1,111,At-Risk Accounts,1
13464,58,1,674.68,2,1,3,213,At-Risk Accounts,1
13466,184,1,307.9,1,1,2,112,At-Risk Accounts,1
13474,236,1,226.84,1,1,1,111,At-Risk Accounts,1
13476,179,2,1238.47,1,2,3,123,At-Risk Accounts,2
13479,201,2,300.95,1,2,1,121,At-Risk Accounts,2
13482,232,1,184.64,1,1,1,111,At-Risk Accounts,1
13483,66,1,140.34,2,1,1,211,At-Risk Accounts,1
13484,241,1,313.8,1,1,2,112,At-Risk Accounts,1
13485,233,1,454.24,1,1,2,112,At-Risk Accounts,1
13493,275,2,498.63,1,2,2,122,At-Risk Accounts,2
13494,312,1,316.26,1,1,2,112,At-Risk Accounts,1
13497,283,2,348.05,1,2,2,122,At-Risk Accounts,2
13501,288,1,1340.32,1,1,3,113,At-Risk Accounts,1
13503,71,1,216.85,2,1,1,211,At-Risk Accounts,1
13504,64,1,295.93,2,1,1,211,At-Risk Accounts,1
13506,316,2,458.52,1,2,2,122,At-Risk Accounts,2
13508,244,1,110.97,1,1,1,111,At-Risk Accounts,1
13512,261,1,251.21,1,1,1,111,At-Risk Accounts,1
13513,127,1,205.1,2,1,1,211,At-Risk Accounts,1
13514,74,1,152.2,2,1,1,211,At-Risk Accounts,1
13518,86,1,627.16,2,1,2,212,At-Risk Accounts,1
13519,78,1,122.75,2,1,1,211,At-Risk Accounts,1
13531,205,2,483.8,1,2,2,122,At-Risk Accounts,2
13551,319,1,91.80000000000001,1,1,1,111,At-Risk Accounts,1
13561,216,1,141.85999999999999,1,1,1,111,At-Risk Accounts,1
13564,354,2,1174.03,1,2,3,123,At-Risk Accounts,2
13568,173,1,187.05,1,1,1,111,At-Risk Accounts,1
13570,243,1,239.49,1,1,1,111,At-Risk Accounts,1
13572,206,1,1384.25,1,1,3,113,At-Risk Accounts,1
13581,309,1,118.0,1,1,1,111,At-Risk Accounts,1
13583,156,1,781.03,1,1,3,113,At-Risk Accounts,1
13584,307,1,142.4,1,1,1,111,At-Risk Accounts,1
13587,64,1,712.4,2,1,3,213,At-Risk Accounts,1
13594,53,1,396.97,2,1,2,212,At-Risk Accounts,1
13600,312,1,219.52,1,1,1,111,At-Risk Accounts,1
13602,65,1,428.89,2,1,2,212,At-Risk Accounts,1
13615,319,1,417.69,1,1,2,112,At-Risk Accounts,1
13618,174,1,177.34,1,1,1,111,At-Risk Accounts,1
13621,117,1,213.85,2,1,1,211,At-Risk Accounts,1
13626,253,1,257.23,1,1,1,111,At-Risk Accounts,1
13635,68,1,1071.03,2,1,3,213,At-Risk Accounts,1
13639,74,1,1033.34,2,1,3,213,At-Risk Accounts,1
13642,216,1,312.28,1,1,2,112,At-Risk Accounts,1
13645,120,1,252.1,2,1,1,211,At-Risk Accounts,1
13649,257,2,346.6,1,2,2,122,At-Risk Accounts,2
13656,165,2,379.65,1,2,2,122,At-Risk Accounts,2
13659,206,2,1563.0,1,2,3,123,At-Risk Accounts,2
13663,179,1,189.47,1,1,1,111,At-Risk Accounts,1
13667,149,1,299.05,1,1,1,111,At-Risk Accounts,1
13670,75,1,349.7,2,1,2,212,At-Risk Accounts,1
13672,301,2,186.39,1,2,1,121,At-Risk Accounts,2
13675,151,2,486.82,1,2,2,122,At-Risk Accounts,2
13678,152,1,232.6,1,1,1,111,At-Risk Accounts,1
13682,187,1,59.5,1,1,1,111,At-Risk Accounts,1
13684,286,1,65.13,1,1,1,111,At-Risk Accounts,1
13686,183,1,72.0,1,1,1,111,At-Risk Accounts,1
13689,63,1,910.0,2,1,3,213,At-Risk Accounts,1
13690,59,1,172.25,2,1,1,211,At-Risk Accounts,1
13699,155,1,308.58,1,1,2,112,At-Risk Accounts,1
13703,318,1,99.5,1,1,1,111,At-Risk Accounts,1
13706,303,1,330.79,1,1,2,112,At-Risk Accounts,1
13707,267,2,806.41,1,2,3,123,At-Risk Accounts,2
13708,271,1,283.33,1,1,1,111,At-Risk Accounts,1
13711,219,2,252.06,1,2,1,121,At-Risk Accounts,2
13712,247,1,228.84,1,1,1,111,At-Risk Accounts,1
13716,269,1,138.28,1,1,1,111,At-Risk Accounts,1
13718,246,2,306.55,1,2,2,122,At-Risk Accounts,2
13723,217,1,199.85,1,1,1,111,At-Risk Accounts,1
13731,219,2,610.59,1,2,2,122,At-Risk Accounts,2
13737,200,1,339.6,1,1,2,112,At-Risk Accounts,1
13740,241,1,350.75,1,1,2,112,At-Risk Accounts,1
13745,162,1,300.04,1,1,1,111,At-Risk Accounts,1
13747,374,1,79.6,1,1,1,111,At-Risk Accounts,1
13751,288,1,296.25,1,1,1,111,At-Risk Accounts,1
13753,288,1,741.26,1,1,3,113,At-Risk Accounts,1
13754,152,2,282.6,1,2,1,121,At-Risk Accounts,2
13762,219,1,306.72,1,1,2,112,At-Risk Accounts,1
13763,63,1,1714.96,2,1,4,214,At-Risk Accounts,1
13774,82,1,345.0,2,1,2,212,At-Risk Accounts,1
13778,103,1,178.7,2,1,1,211,At-Risk Accounts,1
13781,251,1,127.84,1,1,1,111,At-Risk Accounts,1
13786,367,1,230.4,1,1,1,111,At-Risk Accounts,1
13800,310,1,558.3199999999999,1,1,2,112,At-Risk Accounts,1
13801,67,1,324.8,2,1,2,212,At-Risk Accounts,1
13803,255,1,277.07,1,1,1,111,At-Risk Accounts,1
13806,64,1,256.38,2,1,1,211,At-Risk Accounts,1
13807,367,1,112.6,1,1,1,111,At-Risk Accounts,1
13809,305,1,155.05,1,1,1,111,At-Risk Accounts,1
13811,184,2,519.75,1,2,2,122,At-Risk Accounts,2
13821,145,2,385.64,1,2,2,122,At-Risk Accounts,2
13826,176,1,189.5,1,1,1,111,At-Risk Accounts,1
13833,159,1,383.85,1,1,2,112,At-Risk Accounts,1
13837,212,2,266.59,1,2,1,121,At-Risk Accounts,2
13841,253,1,85.0,1,1,1,111,At-Risk Accounts,1
13845,65,1,312.98,2,1,2,212,At-Risk Accounts,1
13850,129,1,1595.48,2,1,3,213,At-Risk Accounts,1
13853,57,1,1090.1399999999999,2,1,3,213,At-Risk Accounts,1
13858,57,1,216.17000000000002,2,1,1,211,At-Risk Accounts,1
13859,326,1,201.16,1,1,1,111,At-Risk Accounts,1
13863,248,1,305.78,1,1,2,112,At-Risk Accounts,1
13866,74,1,145.67,2,1,1,211,At-Risk Accounts,1
13874,358,1,540.45,1,1,2,112,At-Risk Accounts,1
13876,64,1,122.7,2,1,1,211,At-Risk Accounts,1
13877,86,1,117.24,2,1,1,211,At-Risk Accounts,1
13878,55,1,1271.57,2,1,3,213,At-Risk Accounts,1
13885,189,2,506.8,1,2,2,122,At-Risk Accounts,2
13886,71,1,243.56,2,1,1,211,At-Risk Accounts,1
13887,204,1,349.55,1,1,2,112,At-Risk Accounts,1
13889,93,1,416.9,2,1,2,212,At-Risk Accounts,1
13893,298,1,821.1,1,1,3,113,At-Risk Accounts,1
13898,326,1,155.93,1,1,1,111,At-Risk Accounts,1
13922,352,1,172.25,1,1,1,111,At-Risk Accounts,1
13923,54,1,351.13,2,1,2,212,At-Risk Accounts,1
13927,75,1,348.99,2,1,2,212,At-Risk Accounts,1
13929,169,2,842.65,1,2,3,123,At-Risk Accounts,2
13932,295,1,307.4,1,1,2,112,At-Risk Accounts,1
13934,264,1,922.1,1,1,3,113,At-Risk Accounts,1
13936,180,1,376.58,1,1,2,112,At-Risk Accounts,1
13937,169,1,158.85,1,1,1,111,At-Risk Accounts,1
13947,65,1,90.6,2,1,1,211,At-Risk Accounts,1
13948,361,1,102.0,1,1,1,111,At-Risk Accounts,1
13952,218,2,3251.07,1,2,4,124,At-Risk Accounts,2
13955,154,2,322.96,1,2,2,122,At-Risk Accounts,2
13967,146,1,80.7,1,1,1,111,At-Risk Accounts,1
13973,287,1,264.7,1,1,1,111,At-Risk Accounts,1
13976,207,1,357.98,1,1,2,112,At-Risk Accounts,1
13979,73,1,869.87,2,1,3,213,At-Risk Accounts,1
13980,60,1,200.14,2,1,1,211,At-Risk Accounts,1
13990,213,1,311.3,1,1,2,112,At-Risk Accounts,1
14000,211,1,635.66,1,1,2,112,At-Risk Accounts,1
14009,198,2,695.61,1,2,3,123,At-Risk Accounts,2
14012,278,1,328.8,1,1,2,112,At-Risk Accounts,1
14014,77,1,505.18,2,1,2,212,At-Risk Accounts,1
14015,53,1,917.34,2,1,3,213,At-Risk Accounts,1
14022,225,1,440.0,1,1,2,112,At-Risk Accounts,1
14027,61,1,104.82,2,1,1,211,At-Risk Accounts,1
14036,285,1,626.65,1,1,2,112,At-Risk Accounts,1
14037,176,2,147.2,1,2,1,121,At-Risk Accounts,2
14041,266,1,141.41,1,1,1,111,At-Risk Accounts,1
14046,284,1,151.59,1,1,1,111,At-Risk Accounts,1
14048,305,1,409.93,1,1,2,112,At-Risk Accounts,1
14054,65,1,92.46000000000001,2,1,1,211,At-Risk Accounts,1
14055,106,1,725.64,2,1,3,213,At-Risk Accounts,1
14059,267,1,183.6,1,1,1,111,At-Risk Accounts,1
14066,267,1,152.55,1,1,1,111,At-Risk Accounts,1
14068,320,1,265.85,1,1,1,111,At-Risk Accounts,1
14076,129,1,118.67,2,1,1,211,At-Risk Accounts,1
14079,125,1,375.1,2,1,2,212,At-Risk Accounts,1
14081,302,2,921.62,1,2,3,123,At-Risk Accounts,2
14082,365,1,182.25,1,1,1,111,At-Risk Accounts,1
14089,57,1,158.75,2,1,1,211,At-Risk Accounts,1
14090,325,1,76.32,1,1,1,111,At-Risk Accounts,1
14100,138,1,191.95,2,1,1,211,At-Risk Accounts,1
14104,155,2,216.21,1,2,1,121,At-Risk Accounts,2
14105,239,1,1266.23,1,1,3,113,At-Risk Accounts,1
14109,73,1,144.2,2,1,1,211,At-Risk Accounts,1
14114,274,2,386.53,1,2,2,122,At-Risk Accounts,2
14117,144,1,90.0,1,1,1,111,At-Risk Accounts,1
14124,84,1,419.58,2,1,2,212,At-Risk Accounts,1
14130,319,1,480.90999999999997,1,1,2,112,At-Risk Accounts,1
14142,373,1,311.81,1,1,2,112,At-Risk Accounts,1
14143,134,1,115.8,2,1,1,211,At-Risk Accounts,1
14148,234,1,157.2,1,1,1,111,At-Risk Accounts,1
14149,221,1,446.62,1,1,2,112,At-Risk Accounts,1
14154,239,2,1345.62,1,2,3,123,At-Risk Accounts,2
14155,266,1,118.75,1,1,1,111,At-Risk Accounts,1
14162,174,2,289.36,1,2,1,121,At-Risk Accounts,2
14165,276,1,120.44,1,1,1,111,At-Risk Accounts,1
14171,98,1,363.79,2,1,2,212,At-Risk Accounts,1
14184,67,1,452.89,2,1,2,212,At-Risk Accounts,1
14185,331,1,197.65,1,1,1,111,At-Risk Accounts,1
14195,202,2,1012.0,1,2,3,123,At-Risk Accounts,2
14196,107,1,335.52,2,1,2,212,At-Risk Accounts,1
14199,218,1,185.39999999999998,1,1,1,111,At-Risk Accounts,1
14206,239,1,328.15999999999997,1,1,2,112,At-Risk Accounts,1
14208,95,1,151.74,2,1,1,211,At-Risk Accounts,1
14212,90,1,1070.48,2,1,3,213,At-Risk Accounts,1
14220,247,2,632.4,1,2,2,122,At-Risk Accounts,2
14222,177,1,683.17,1,1,3,113,At-Risk Accounts,1
14237,373,1,161.0,1,1,1,111,At-Risk Accounts,1
14238,326,1,146.85,1,1,1,111,At-Risk Accounts,1
14241,184,1,213.70000000000002,1,1,1,111,At-Risk Accounts,1
14242,235,2,280.55,1,2,1,121,At-Risk Accounts,2
14245,220,2,1693.45,1,2,4,124,At-Risk Accounts,2
14247,278,1,136.77,1,1,1,111,At-Risk Accounts,1
14248,318,1,302.58,1,1,1,111,At-Risk Accounts,1
14256,260,2,969.06,1,2,3,123,At-Risk Accounts,2
14259,142,1,120.0,2,1,1,211,At-Risk Accounts,1
14264,155,2,333.97,1,2,2,122,At-Risk Accounts,2
14270,332,1,492.65,1,1,2,112,At-Risk Accounts,1
14271,226,1,112.32,1,1,1,111,At-Risk Accounts,1
14280,197,1,134.04,1,1,1,111,At-Risk Accounts,1
14288,213,1,426.6,1,1,2,112,At-Risk Accounts,1
14301,117,1,640.14,2,1,2,212,At-Risk Accounts,1
14304,223,1,383.45,1,1,2,112,At-Risk Accounts,1
14311,243,1,310.26,1,1,2,112,At-Risk Accounts,1
14314,107,1,120.0,2,1,1,211,At-Risk Accounts,1
14317,65,1,508.58,2,1,2,212,At-Risk Accounts,1
14320,207,2,477.78999999999996,1,2,2,122,At-Risk Accounts,2
14326,242,1,183.85,1,1,1,111,At-Risk Accounts,1
14327,163,1,311.65,1,1,2,112,At-Risk Accounts,1
14333,68,1,415.2,2,1,2,212,At-Risk Accounts,1
14338,161,2,588.22,1,2,2,122,At-Risk Accounts,2
14339,243,1,309.52,1,1,2,112,At-Risk Accounts,1
14340,219,1,134.7,1,1,1,111,At-Risk Accounts,1
14348,260,1,409.57,1,1,2,112,At-Risk Accounts,1
14350,274,1,282.93,1,1,1,111,At-Risk Accounts,1
14351,165,1,51.0,1,1,1,111,At-Risk Accounts,1
14353,215,1,90.6,1,1,1,111,At-Risk Accounts,1
14355,366,1,174.4,1,1,1,111,At-Risk Accounts,1
14368,320,1,155.0,1,1,1,111,At-Risk Accounts,1
14371,295,1,100.5,1,1,1,111,At-Risk Accounts,1
14373,358,1,76.55,1,1,1,111,At-Risk Accounts,1
14375,185,1,235.56,1,1,1,111,At-Risk Accounts,1
14377,191,2,617.05,1,2,2,122,At-Risk Accounts,2
14381,52,1,202.68,2,1,1,211,At-Risk Accounts,1
14386,297,1,142.4,1,1,1,111,At-Risk Accounts,1
14393,218,1,67.95,1,1,1,111,At-Risk Accounts,1
14400,149,1,574.7,1,1,2,112,At-Risk Accounts,1
14406,119,1,156.75,2,1,1,211,At-Risk Accounts,1
14411,311,1,1063.0,1,1,3,113,At-Risk Accounts,1
14413,362,1,121.05,1,1,1,111,At-Risk Accounts,1
14420,99,1,387.52,2,1,2,212,At-Risk Accounts,1
14423,218,1,265.2,1,1,1,111,At-Risk Accounts,1
14431,303,1,470.36,1,1,2,112,At-Risk Accounts,1
14436,99,1,89.06,2,1,1,211,At-Risk Accounts,1
14437,366,1,63.0,1,1,1,111,At-Risk Accounts,1
14438,306,1,131.9,1,1,1,111,At-Risk Accounts,1
14439,320,1,2661.2400000000002,1,1,4,114,At-Risk Accounts,1
14442,205,2,1589.82,1,2,3,123,At-Risk Accounts,2
14453,190,1,119.93,1,1,1,111,At-Risk Accounts,1
14457,311,1,113.64,1,1,1,111,At-Risk Accounts,1
14459,155,1,1837.92,1,1,4,114,At-Risk Accounts,1
14476,257,1,193.0,1,1,1,111,At-Risk Accounts,1
14479,254,2,316.25,1,2,2,122,At-Risk Accounts,2
14481,165,2,636.51,1,2,2,122,At-Risk Accounts,2
14483,282,1,137.1,1,1,1,111,At-Risk Accounts,1
14488,68,1,1064.28,2,1,3,213,At-Risk Accounts,1
14489,207,1,463.38,1,1,2,112,At-Risk Accounts,1
14491,175,2,340.93,1,2,2,122,At-Risk Accounts,2
14496,312,2,538.8100000000001,1,2,2,122,At-Risk Accounts,2
14497,309,1,475.37,1,1,2,112,At-Risk Accounts,1
14501,184,2,251.20999999999998,1,2,1,121,At-Risk Accounts,2
14512,188,2,275.28,1,2,1,121,At-Risk Accounts,2
14518,64,1,174.37,2,1,1,211,At-Risk Accounts,1
14523,108,1,241.09,2,1,1,211,At-Risk Accounts,1
14536,260,1,170.95,1,1,1,111,At-Risk Accounts,1
14537,58,1,355.56,2,1,2,212,At-Risk Accounts,1
14542,186,1,103.25,1,1,1,111,At-Risk Accounts,1
14548,151,2,652.8,1,2,2,122,At-Risk Accounts,2
14549,311,1,289.24,1,1,1,111,At-Risk Accounts,1
14552,152,1,164.22,1,1,1,111,At-Risk Accounts,1
14557,85,1,788.38,2,1,3,213,At-Risk Accounts,1
14566,111,1,1432.0,2,1,3,213,At-Risk Accounts,1
14570,281,2,217.21,1,2,1,121,At-Risk Accounts,2
14576,372,1,35.4,1,1,1,111,At-Risk Accounts,1
14586,277,1,237.35999999999999,1,1,1,111,At-Risk Accounts,1
14589,372,1,39.75,1,1,1,111,At-Risk Accounts,1
14600,306,1,393.33,1,1,2,112,At-Risk Accounts,1
14603,275,1,660.0,1,1,2,112,At-Risk Accounts,1
14619,246,1,394.44,1,1,2,112,At-Risk Accounts,1
14620,206,2,412.78000000000003,1,2,2,122,At-Risk Accounts,2
14622,185,1,320.58,1,1,2,112,At-Risk Accounts,1
14625,196,2,899.63,1,2,3,123,At-Risk Accounts,2
14632,263,1,114.56,1,1,1,111,At-Risk Accounts,1
14633,266,1,344.9,1,1,2,112,At-Risk Accounts,1
14642,59,1,96.11999999999999,2,1,1,211,At-Risk Accounts,1
14643,170,2,693.81,1,2,3,123,At-Risk Accounts,2
14645,157,2,597.09,1,2,2,122,At-Risk Accounts,2
14647,201,1,236.04,1,1,1,111,At-Risk Accounts,1
14652,77,1,114.18,2,1,1,211,At-Risk Accounts,1
14656,169,2,291.05,1,2,1,121,At-Risk Accounts,2
14670,280,2,392.86,1,2,2,122,At-Risk Accounts,2
14672,235,2,765.55,1,2,3,123,At-Risk Accounts,2
14682,188,2,52.0,1,2,1,121,At-Risk Accounts,2
14687,107,1,628.38,2,1,2,212,At-Risk Accounts,1
14689,209,1,112.8,1,1,1,111,At-Risk Accounts,1
14693,265,1,172.9,1,1,1,111,At-Risk Accounts,1
14697,218,2,188.61,1,2,1,121,At-Risk Accounts,2
14699,214,1,109.13,1,1,1,111,At-Risk Accounts,1
14705,199,1,179.0,1,1,1,111,At-Risk Accounts,1
14722,147,1,180.42,1,1,1,111,At-Risk Accounts,1
14727,274,1,268.58,1,1,1,111,At-Risk Accounts,1
14729,374,1,313.49,1,1,2,112,At-Risk Accounts,1
14747,249,1,328.2,1,1,2,112,At-Risk Accounts,1
14753,87,1,563.15,2,1,2,212,At-Risk Accounts,1
14757,75,1,420.5,2,1,2,212,At-Risk Accounts,1
14760,297,1,89.2,1,1,1,111,At-Risk Accounts,1
14762,264,1,300.52,1,1,1,111,At-Risk Accounts,1
14770,232,2,876.42,1,2,3,123,At-Risk Accounts,2
14772,112,1,139.26,2,1,1,211,At-Risk Accounts,1
14782,320,1,200.1,1,1,1,111,At-Risk Accounts,1
14792,64,1,6.2,2,1,1,211,At-Risk Accounts,1
14795,166,1,131.45000000000002,1,1,1,111,At-Risk Accounts,1
14801,61,1,189.34,2,1,1,211,At-Risk Accounts,1
14806,75,1,193.39,2,1,1,211,At-Risk Accounts,1
14813,370,2,152.88,1,2,1,121,At-Risk Accounts,2
14816,197,1,271.85,1,1,1,111,At-Risk Accounts,1
14817,200,2,1010.34,1,2,3,123,At-Risk Accounts,2
14821,367,1,48.8,1,1,1,111,At-Risk Accounts,1
14830,53,1,188.03,2,1,1,211,At-Risk Accounts,1
14840,268,1,62.85,1,1,1,111,At-Risk Accounts,1
14847,149,1,309.4,1,1,2,112,At-Risk Accounts,1
14850,312,1,325.75,1,1,2,112,At-Risk Accounts,1
14861,52,1,125.78999999999999,2,1,1,211,At-Risk Accounts,1
14870,262,1,327.25,1,1,2,112,At-Risk Accounts,1
14873,210,1,519.68,1,1,2,112,At-Risk Accounts,1
14885,132,1,765.3199999999999,2,1,3,213,At-Risk Accounts,1
14886,253,1,364.8,1,1,2,112,At-Risk Accounts,1
14887,79,1,1862.0,2,1,4,214,At-Risk Accounts,1
14888,207,1,369.2,1,1,2,112,At-Risk Accounts,1
14889,336,1,135.9,1,1,1,111,At-Risk Accounts,1
14890,254,1,125.65,1,1,1,111,At-Risk Accounts,1
14891,148,2,554.38,1,2,2,122,At-Risk Accounts,2
14894,85,1,655.75,2,1,2,212,At-Risk Accounts,1
14896,205,2,468.77,1,2,2,122,At-Risk Accounts,2
14905,158,2,616.15,1,2,2,122,At-Risk Accounts,2
14908,74,1,277.8,2,1,1,211,At-Risk Accounts,1
14920,213,2,977.77,1,2,3,123,At-Risk Accounts,2
14924,246,1,310.05,1,1,2,112,At-Risk Accounts,1
14932,366,1,313.53,1,1,2,112,At-Risk Accounts,1
14935,297,1,1784.71,1,1,4,114,At-Risk Accounts,1
14951,79,1,311.69,2,1,2,212,At-Risk Accounts,1
14957,253,1,58.49,1,1,1,111,At-Risk Accounts,1
14962,271,1,126.7,1,1,1,111,At-Risk Accounts,1
14964,247,1,206.21,1,1,1,111,At-Risk Accounts,1
14972,128,1,114.77,2,1,1,211,At-Risk Accounts,1
14975,57,1,279.94,2,1,1,211,At-Risk Accounts,1
14981,246,1,102.12,1,1,1,111,At-Risk Accounts,1
14985,198,2,292.01,1,2,1,121,At-Risk Accounts,2
14988,212,1,334.54,1,1,2,112,At-Risk Accounts,1
14998,170,2,414.87,1,2,2,122,At-Risk Accounts,2
15004,147,1,1220.38,1,1,3,113,At-Risk Accounts,1
15007,159,1,156.91,1,1,1,111,At-Risk Accounts,1
15016,173,1,170.04,1,1,1,111,At-Risk Accounts,1
15019,267,1,252.81,1,1,1,111,At-Risk Accounts,1
15035,90,1,252.73,2,1,1,211,At-Risk Accounts,1
15041,170,1,179.93,1,1,1,111,At-Risk Accounts,1
15042,199,1,135.93,1,1,1,111,At-Risk Accounts,1
15045,152,2,735.66,1,2,3,123,At-Risk Accounts,2
15047,270,1,343.62,1,1,2,112,At-Risk Accounts,1
15049,274,1,121.17000000000002,1,1,1,111,At-Risk Accounts,1
15052,319,1,207.73000000000002,1,1,1,111,At-Risk Accounts,1
15057,275,2,1489.5,1,2,3,123,At-Risk Accounts,2
15063,213,1,370.79999999999995,1,1,2,112,At-Risk Accounts,1
15066,53,1,893.59,2,1,3,213,At-Risk Accounts,1
15069,179,1,1109.53,1,1,3,113,At-Risk Accounts,1
15070,373,1,106.2,1,1,1,111,At-Risk Accounts,1
15074,105,1,735.67,2,1,3,213,At-Risk Accounts,1
15075,78,1,773.03,2,1,3,213,At-Risk Accounts,1
15076,173,1,880.85,1,1,3,113,At-Risk Accounts,1
15083,257,1,88.2,1,1,1,111,At-Risk Accounts,1
15087,282,1,306.94,1,1,2,112,At-Risk Accounts,1
15090,308,1,381.32,1,1,2,112,At-Risk Accounts,1
15091,68,1,480.71,2,1,2,212,At-Risk Accounts,1
15092,215,2,457.81,1,2,2,122,At-Risk Accounts,2
15098,182,1,297.0,1,1,1,111,At-Risk Accounts,1
15099,84,1,410.48,2,1,2,212,At-Risk Accounts,1
15104,197,2,993.54,1,2,3,123,At-Risk Accounts,2
15109,246,1,484.95,1,1,2,112,At-Risk Accounts,1
15118,134,1,244.8,2,1,1,211,At-Risk Accounts,1
15119,246,1,266.4,1,1,1,111,At-Risk Accounts,1
15120,134,1,358.82,2,1,2,212,At-Risk Accounts,1
15127,66,1,406.53,2,1,2,212,At-Risk Accounts,1
15130,170,1,330.11,1,1,2,112,At-Risk Accounts,1
15135,239,1,139.05,1,1,1,111,At-Risk Accounts,1
15139,240,2,178.95999999999998,1,2,1,121,At-Risk Accounts,2
15143,226,1,259.45,1,1,1,111,At-Risk Accounts,1
15146,165,2,1327.16,1,2,3,123,At-Risk Accounts,2
15147,240,1,623.5,1,1,2,112,At-Risk Accounts,1
15149,134,1,520.8,2,1,2,212,At-Risk Accounts,1
15154,75,1,254.28,2,1,1,211,At-Risk Accounts,1
15160,357,1,158.16,1,1,1,111,At-Risk Accounts,1
15165,373,1,487.75,1,1,2,112,At-Risk Accounts,1
15167,321,1,158.8,1,1,1,111,At-Risk Accounts,1
15171,331,1,1289.5,1,1,3,113,At-Risk Accounts,1
15174,323,1,135.75,1,1,1,111,At-Risk Accounts,1
15175,72,1,224.14,2,1,1,211,At-Risk Accounts,1
15178,260,1,40.5,1,1,1,111,At-Risk Accounts,1
15180,367,1,87.5,1,1,1,111,At-Risk Accounts,1
15182,154,2,622.85,1,2,2,122,At-Risk Accounts,2
15185,70,1,310.62,2,1,2,212,At-Risk Accounts,1
15193,61,1,499.32,2,1,2,212,At-Risk Accounts,1
15204,357,1,316.58,1,1,2,112,At-Risk Accounts,1
15210,225,1,331.18,1,1,2,112,At-Risk Accounts,1
15212,241,1,101.8,1,1,1,111,At-Risk Accounts,1
15213,319,2,328.34999999999997,1,2,2,122,At-Risk Accounts,2
15216,88,1,96.6,2,1,1,211,At-Risk Accounts,1
15219,176,1,305.75,1,1,2,112,At-Risk Accounts,1
15221,366,1,403.25,1,1,2,112,At-Risk Accounts,1
15222,319,1,585.0,1,1,2,112,At-Risk Accounts,1
15223,226,2,755.75,1,2,3,123,At-Risk Accounts,2
15224,358,2,322.08,1,2,2,122,At-Risk Accounts,2
15225,234,1,409.4,1,1,2,112,At-Risk Accounts,1
15226,311,1,154.41,1,1,1,111,At-Risk Accounts,1
15230,239,2,429.6,1,2,2,122,At-Risk Accounts,2
15234,277,1,197.0,1,1,1,111,At-Risk Accounts,1
15236,299,1,321.05,1,1,2,112,At-Risk Accounts,1
15243,74,1,316.68,2,1,2,212,At-Risk Accounts,1
15246,238,2,514.15,1,2,2,122,At-Risk Accounts,2
15247,122,1,356.0,2,1,2,212,At-Risk Accounts,1
15254,127,1,300.36,2,1,1,211,At-Risk Accounts,1
15255,67,1,890.85,2,1,3,213,At-Risk Accounts,1
15256,149,1,98.45,1,1,1,111,At-Risk Accounts,1
15257,283,1,317.15,1,1,2,112,At-Risk Accounts,1
15258,169,2,623.16,1,2,2,122,At-Risk Accounts,2
15261,135,1,254.82,2,1,1,211,At-Risk Accounts,1
15262,324,1,178.95,1,1,1,111,At-Risk Accounts,1
15263,107,1,156.51,2,1,1,211,At-Risk Accounts,1
15264,64,1,393.74,2,1,2,212,At-Risk Accounts,1
15265,151,2,1506.1200000000001,1,2,3,123,At-Risk Accounts,2
15266,338,1,119.3,1,1,1,111,At-Risk Accounts,1
15276,66,1,128.63,2,1,1,211,At-Risk Accounts,1
15279,355,1,290.51,1,1,1,111,At-Risk Accounts,1
15280,172,1,113.12,1,1,1,111,At-Risk Accounts,1
15292,201,1,178.39,1,1,1,111,At-Risk Accounts,1
15300,64,1,496.44,2,1,2,212,At-Risk Accounts,1
15303,290,1,574.02,1,1,2,112,At-Risk Accounts,1
15307,96,1,205.3,2,1,1,211,At-Risk Accounts,1
15308,274,1,310.46999999999997,1,1,2,112,At-Risk Accounts,1
15313,110,1,52.0,2,1,1,211,At-Risk Accounts,1
15314,199,1,327.96999999999997,1,1,2,112,At-Risk Accounts,1
15316,327,1,165.0,1,1,1,111,At-Risk Accounts,1
15319,284,1,204.5,1,1,1,111,At-Risk Accounts,1
15322,86,1,679.68,2,1,3,213,At-Risk Accounts,1
15325,104,1,161.74,2,1,1,211,At-Risk Accounts,1
15326,334,1,311.71,1,1,2,112,At-Risk Accounts,1
15327,53,1,208.75,2,1,1,211,At-Risk Accounts,1
15333,208,1,1028.56,1,1,3,113,At-Risk Accounts,1
15335,54,1,170.22,2,1,1,211,At-Risk Accounts,1
15341,81,1,2020.52,2,1,4,214,At-Risk Accounts,1
15342,130,1,406.09,2,1,2,212,At-Risk Accounts,1
15343,87,1,364.5,2,1,2,212,At-Risk Accounts,1
15346,333,1,252.42,1,1,1,111,At-Risk Accounts,1
15347,366,1,201.6,1,1,1,111,At-Risk Accounts,1
15348,72,1,158.04,2,1,1,211,At-Risk Accounts,1
15349,158,2,463.91,1,2,2,122,At-Risk Accounts,2
15350,373,1,115.64999999999999,1,1,1,111,At-Risk Accounts,1
15353,255,2,770.12,1,2,3,123,At-Risk Accounts,2
15361,362,1,418.92,1,1,2,112,At-Risk Accounts,1
15363,373,1,326.0,1,1,2,112,At-Risk Accounts,1
15372,137,1,2007.4,2,1,4,214,At-Risk Accounts,1
15374,129,1,168.0,2,1,1,211,At-Risk Accounts,1
15381,214,2,596.85,1,2,2,122,At-Risk Accounts,2
15384,170,2,642.41,1,2,2,122,At-Risk Accounts,2
15386,186,1,394.14,1,1,2,112,At-Risk Accounts,1
15388,270,1,140.54,1,1,1,111,At-Risk Accounts,1
15389,172,1,500.0,1,1,2,112,At-Risk Accounts,1
15395,326,1,107.45,1,1,1,111,At-Risk Accounts,1
15396,113,1,288.18,2,1,1,211,At-Risk Accounts,1
15397,290,1,94.0,1,1,1,111,At-Risk Accounts,1
15402,149,2,626.35,1,2,2,122,At-Risk Accounts,2
15405,189,1,349.1,1,1,2,112,At-Risk Accounts,1
15408,264,1,267.18,1,1,1,111,At-Risk Accounts,1
15412,171,1,190.53,1,1,1,111,At-Risk Accounts,1
15415,313,1,559.61,1,1,2,112,At-Risk Accounts,1
15417,85,1,508.8,2,1,2,212,At-Risk Accounts,1
15422,323,2,97.7,1,2,1,121,At-Risk Accounts,2
15424,254,2,383.34,1,2,2,122,At-Risk Accounts,2
15433,214,2,533.3,1,2,2,122,At-Risk Accounts,2
15437,262,1,200.16,1,1,1,111,At-Risk Accounts,1
15438,131,1,156.57999999999998,2,1,1,211,At-Risk Accounts,1
15442,249,1,594.0,1,1,2,112,At-Risk Accounts,1
15445,264,1,113.5,1,1,1,111,At-Risk Accounts,1
15447,331,1,155.17,1,1,1,111,At-Risk Accounts,1
15448,313,1,494.64,1,1,2,112,At-Risk Accounts,1
15454,362,1,179.1,1,1,1,111,At-Risk Accounts,1
15457,262,1,237.07,1,1,1,111,At-Risk Accounts,1
15460,354,1,214.26,1,1,1,111,At-Risk Accounts,1
15464,338,1,1044.65,1,1,3,113,At-Risk Accounts,1
15466,85,1,334.53,2,1,2,212,At-Risk Accounts,1
15472,113,1,371.56,2,1,2,212,At-Risk Accounts,1
15475,77,1,454.11,2,1,2,212,At-Risk Accounts,1
15480,116,1,905.5,2,1,3,213,At-Risk Accounts,1
15488,93,1,76.32,2,1,1,211,At-Risk Accounts,1
15503,363,1,141.04,1,1,1,111,At-Risk Accounts,1
15504,81,1,52.83,2,1,1,211,At-Risk Accounts,1
15507,172,1,475.86,1,1,2,112,At-Risk Accounts,1
15510,331,1,250.0,1,1,1,111,At-Risk Accounts,1
15512,156,2,121.0,1,2,1,121,At-Risk Accounts,2
15517,233,1,267.03,1,1,1,111,At-Risk Accounts,1
15523,84,1,412.01,2,1,2,212,At-Risk Accounts,1
15528,254,1,229.33,1,1,1,111,At-Risk Accounts,1
15537,163,1,110.92,1,1,1,111,At-Risk Accounts,1
15541,114,1,85.13,2,1,1,211,At-Risk Accounts,1
15543,288,1,127.86,1,1,1,111,At-Risk Accounts,1
15552,217,1,90.12,1,1,1,111,At-Risk Accounts,1
15553,60,1,428.93,2,1,2,212,At-Risk Accounts,1
15554,278,1,217.2,1,1,1,111,At-Risk Accounts,1
15562,352,1,134.55,1,1,1,111,At-Risk Accounts,1
15578,162,1,127.1,1,1,1,111,At-Risk Accounts,1
15585,177,1,455.3,1,1,2,112,At-Risk Accounts,1
15593,71,1,199.8,2,1,1,211,At-Risk Accounts,1
15598,53,1,240.68,2,1,1,211,At-Risk Accounts,1
15603,79,1,48.480000000000004,2,1,1,211,At-Risk Accounts,1
15604,52,1,216.39,2,1,1,211,At-Risk Accounts,1
15607,337,1,104.75999999999999,1,1,1,111,At-Risk Accounts,1
15609,184,1,298.48,1,1,1,111,At-Risk Accounts,1
15610,52,1,112.46000000000001,2,1,1,211,At-Risk Accounts,1
15623,141,1,301.03000000000003,2,1,1,211,At-Risk Accounts,1
15637,53,1,223.36,2,1,1,211,At-Risk Accounts,1
15639,134,1,425.32,2,1,2,212,At-Risk Accounts,1
15648,204,2,639.5,1,2,2,122,At-Risk Accounts,2
15649,336,2,816.0,1,2,3,123,At-Risk Accounts,2
15652,91,1,337.74,2,1,2,212,At-Risk Accounts,1
15655,243,1,560.67,1,1,2,112,At-Risk Accounts,1
15661,317,2,309.8,1,2,2,122,At-Risk Accounts,2
15663,106,1,138.14,2,1,1,211,At-Risk Accounts,1
15665,168,2,2222.21,1,2,4,124,At-Risk Accounts,2
15668,218,1,76.32,1,1,1,111,At-Risk Accounts,1
15670,297,1,173.05,1,1,1,111,At-Risk Accounts,1
15678,53,1,352.7,2,1,2,212,At-Risk Accounts,1
15683,117,1,193.75,2,1,1,211,At-Risk Accounts,1
15691,252,1,136.8,1,1,1,111,At-Risk Accounts,1
15695,267,2,409.98,1,2,2,122,At-Risk Accounts,2
15700,172,2,696.68,1,2,3,123,At-Risk Accounts,2
15703,265,1,211.5,1,1,1,111,At-Risk Accounts,1
15705,201,1,143.1,1,1,1,111,At-Risk Accounts,1
15709,284,1,133.25,1,1,1,111,At-Risk Accounts,1
15717,234,1,150.3,1,1,1,111,At-Risk Accounts,1
15723,365,1,190.70000000000002,1,1,1,111,At-Risk Accounts,1
15724,201,2,218.25,1,2,1,121,At-Risk Accounts,2
15729,213,1,85.0,1,1,1,111,At-Risk Accounts,1
15732,212,2,294.12,1,2,1,121,At-Risk Accounts,2
15733,283,1,162.3,1,1,1,111,At-Risk Accounts,1
15739,66,1,449.12,2,1,2,212,At-Risk Accounts,1
15744,78,1,34.8,2,1,1,211,At-Risk Accounts,1
15746,134,1,196.88,2,1,1,211,At-Risk Accounts,1
15753,305,1,79.2,1,1,1,111,At-Risk Accounts,1
15766,64,1,315.06,2,1,2,212,At-Risk Accounts,1
15774,69,1,270.8,2,1,1,211,At-Risk Accounts,1
15775,245,1,104.9,1,1,1,111,At-Risk Accounts,1
15776,133,1,241.62,2,1,1,211,At-Risk Accounts,1
15789,358,1,351.3,1,1,2,112,At-Risk Accounts,1
15795,150,1,610.01,1,1,2,112,At-Risk Accounts,1
15813,208,2,1303.9099999999999,1,2,3,123,At-Risk Accounts,2
15820,320,1,206.98,1,1,1,111,At-Risk Accounts,1
15825,172,1,532.94,1,1,2,112,At-Risk Accounts,1
15832,254,1,836.79,1,1,3,113,At-Risk Accounts,1
15837,65,1,391.98,2,1,2,212,At-Risk Accounts,1
15843,304,1,118.95,1,1,1,111,At-Risk Accounts,1
15852,187,2,160.71,1,2,1,121,At-Risk Accounts,2
15853,52,1,110.8,2,1,1,211,At-Risk Accounts,1
15866,101,1,211.89,2,1,1,211,At-Risk Accounts,1
15869,277,2,149.64,1,2,1,121,At-Risk Accounts,2
15880,369,1,329.03,1,1,2,112,At-Risk Accounts,1
15885,93,1,349.35,2,1,2,212,At-Risk Accounts,1
15886,60,1,181.09,2,1,1,211,At-Risk Accounts,1
15888,81,1,162.64,2,1,1,211,At-Risk Accounts,1
15889,157,2,400.77,1,2,2,122,At-Risk Accounts,2
15891,227,1,509.13,1,1,2,112,At-Risk Accounts,1
15894,253,2,257.6,1,2,1,121,At-Risk Accounts,2
15895,150,1,179.17,1,1,1,111,At-Risk Accounts,1
15897,194,2,208.59,1,2,1,121,At-Risk Accounts,2
15899,369,1,56.25,1,1,1,111,At-Risk Accounts,1
15909,174,1,191.94,1,1,1,111,At-Risk Accounts,1
15912,178,2,264.62,1,2,1,121,At-Risk Accounts,2
15917,248,1,123.1,1,1,1,111,At-Risk Accounts,1
15918,191,2,334.23,1,2,2,122,At-Risk Accounts,2
15921,173,1,323.03000000000003,1,1,2,112,At-Risk Accounts,1
15922,373,1,369.5,1,1,2,112,At-Risk Accounts,1
15923,373,1,127.08,1,1,1,111,At-Risk Accounts,1
15925,194,1,207.15,1,1,1,111,At-Risk Accounts,1
15930,67,1,426.63,2,1,2,212,At-Risk Accounts,1
15935,239,1,108.03999999999999,1,1,1,111,At-Risk Accounts,1
15937,64,1,145.35,2,1,1,211,At-Risk Accounts,1
15940,311,1,35.8,1,1,1,111,At-Risk Accounts,1
15942,134,1,337.44,2,1,2,212,At-Risk Accounts,1
15944,277,1,325.09999999999997,1,1,2,112,At-Risk Accounts,1
15945,365,1,181.0,1,1,1,111,At-Risk Accounts,1
15947,83,1,1708.24,2,1,4,214,At-Risk Accounts,1
15958,74,1,104.35,2,1,1,211,At-Risk Accounts,1
15970,304,1,314.09999999999997,1,1,2,112,At-Risk Accounts,1
15973,367,1,307.82,1,1,2,112,At-Risk Accounts,1
15975,84,1,371.01,2,1,2,212,At-Risk Accounts,1
15976,165,2,427.64,1,2,2,122,At-Risk Accounts,2
15978,77,1,1098.78,2,1,3,213,At-Risk Accounts,1
15994,55,1,414.27,2,1,2,212,At-Risk Accounts,1
16006,211,1,101.4,1,1,1,111,At-Risk Accounts,1
16022,260,1,602.63,1,1,2,112,At-Risk Accounts,1
16030,310,1,331.24,1,1,2,112,At-Risk Accounts,1
16048,373,2,256.44,1,2,1,121,At-Risk Accounts,2
16050,174,1,137.9,1,1,1,111,At-Risk Accounts,1
16052,54,1,362.06,2,1,2,212,At-Risk Accounts,1
16054,145,1,783.9,1,1,3,113,At-Risk Accounts,1
16055,221,1,134.8,1,1,1,111,At-Risk Accounts,1
16063,260,1,335.32,1,1,2,112,At-Risk Accounts,1
16065,365,1,367.14,1,1,2,112,At-Risk Accounts,1
16072,288,1,584.3199999999999,1,1,2,112,At-Risk Accounts,1
16073,297,1,122.4,1,1,1,111,At-Risk Accounts,1
16078,284,1,79.2,1,1,1,111,At-Risk Accounts,1
16084,299,1,436.18,1,1,2,112,At-Risk Accounts,1
16091,155,2,315.06,1,2,2,122,At-Risk Accounts,2
16093,107,1,17.0,2,1,1,211,At-Risk Accounts,1
16096,264,1,320.62,1,1,2,112,At-Risk Accounts,1
16097,240,1,185.04999999999998,1,1,1,111,At-Risk Accounts,1
16101,71,1,1290.7,2,1,3,213,At-Risk Accounts,1
16104,62,1,298.21,2,1,1,211,At-Risk Accounts,1
16105,249,1,336.96,1,1,2,112,At-Risk Accounts,1
16106,66,1,108.38,2,1,1,211,At-Risk Accounts,1
16108,85,1,842.5,2,1,3,213,At-Risk Accounts,1
16109,219,2,611.88,1,2,2,122,At-Risk Accounts,2
16113,183,1,161.38,1,1,1,111,At-Risk Accounts,1
16114,171,1,135.75,1,1,1,111,At-Risk Accounts,1
16116,212,1,612.78,1,1,2,112,At-Risk Accounts,1
16117,190,1,232.21,1,1,1,111,At-Risk Accounts,1
16123,52,1,307.78,2,1,2,212,At-Risk Accounts,1
16124,317,1,249.0,1,1,1,111,At-Risk Accounts,1
16125,367,1,289.35,1,1,1,111,At-Risk Accounts,1
16135,263,1,517.55,1,1,2,112,At-Risk Accounts,1
16141,88,1,620.4,2,1,2,212,At-Risk Accounts,1
16142,250,1,535.34,1,1,2,112,At-Risk Accounts,1
16144,247,1,175.2,1,1,1,111,At-Risk Accounts,1
16147,134,1,375.0,2,1,2,212,At-Risk Accounts,1
16148,296,1,76.32,1,1,1,111,At-Risk Accounts,1
16152,269,1,1829.04,1,1,4,114,At-Risk Accounts,1
16159,282,1,348.2,1,1,2,112,At-Risk Accounts,1
16162,252,1,37.4,1,1,1,111,At-Risk Accounts,1
16163,232,2,856.6,1,2,3,123,At-Risk Accounts,2
16171,59,1,73.19999999999999,2,1,1,211,At-Risk Accounts,1
16178,138,1,197.89999999999998,2,1,1,211,At-Risk Accounts,1
16179,61,1,215.83,2,1,1,211,At-Risk Accounts,1
16181,73,1,305.53999999999996,2,1,2,212,At-Risk Accounts,1
16183,67,1,338.71000000000004,2,1,2,212,At-Risk Accounts,1
16193,237,1,314.45,1,1,2,112,At-Risk Accounts,1
16198,75,1,400.68,2,1,2,212,At-Risk Accounts,1
16202,361,1,365.27,1,1,2,112,At-Risk Accounts,1
16211,89,1,547.02,2,1,2,212,At-Risk Accounts,1
16213,79,1,159.0,2,1,1,211,At-Risk Accounts,1
16215,81,1,242.35,2,1,1,211,At-Risk Accounts,1
16216,267,1,914.93,1,1,3,113,At-Risk Accounts,1
16217,235,2,304.25,1,2,2,122,At-Risk Accounts,2
16222,318,1,773.55,1,1,3,113,At-Risk Accounts,1
16227,225,1,314.22,1,1,2,112,At-Risk Accounts,1
16230,190,2,542.03,1,2,2,122,At-Risk Accounts,2
16236,78,1,432.2,2,1,2,212,At-Risk Accounts,1
16244,212,2,1522.75,1,2,3,123,At-Risk Accounts,2
16247,170,1,114.56,1,1,1,111,At-Risk Accounts,1
16248,62,1,152.94,2,1,1,211,At-Risk Accounts,1
16250,261,2,389.44,1,2,2,122,At-Risk Accounts,2
16256,267,1,752.4300000000001,1,1,3,113,At-Risk Accounts,1
16257,177,1,21.95,1,1,1,111,At-Risk Accounts,1
16270,353,1,1141.24,1,1,3,113,At-Risk Accounts,1
16272,117,1,411.7,2,1,2,212,At-Risk Accounts,1
16274,373,1,331.55,1,1,2,112,At-Risk Accounts,1
16275,197,1,559.87,1,1,2,112,At-Risk Accounts,1
16276,177,1,810.5999999999999,1,1,3,113,At-Risk Accounts,1
16278,100,1,566.38,2,1,2,212,At-Risk Accounts,1
16281,72,1,2062.06,2,1,4,214,At-Risk Accounts,1
16282,340,1,168.3,1,1,1,111,At-Risk Accounts,1
16287,170,1,142.5,1,1,1,111,At-Risk Accounts,1
16292,122,1,302.25,2,1,1,211,At-Risk Accounts,1
16297,269,1,301.9,1,1,1,111,At-Risk Accounts,1
16302,127,1,233.22,2,1,1,211,At-Risk Accounts,1
16305,139,1,361.22,2,1,2,212,At-Risk Accounts,1
16315,331,1,226.37,1,1,1,111,At-Risk Accounts,1
16319,218,1,404.40000000000003,1,1,2,112,At-Risk Accounts,1
16320,172,2,1038.46,1,2,3,123,At-Risk Accounts,2
16323,196,1,207.5,1,1,1,111,At-Risk Accounts,1
16338,157,1,214.8,1,1,1,111,At-Risk Accounts,1
16339,284,1,94.05,1,1,1,111,At-Risk Accounts,1
16340,107,1,534.31,2,1,2,212,At-Risk Accounts,1
16344,158,1,101.10000000000001,1,1,1,111,At-Risk Accounts,1
16349,291,1,53.5,1,1,1,111,At-Risk Accounts,1
16351,333,1,153.9,1,1,1,111,At-Risk Accounts,1
16363,53,1,109.36,2,1,1,211,At-Risk Accounts,1
16377,267,1,676.2,1,1,3,113,At-Risk Accounts,1
16380,61,1,1743.1499999999999,2,1,4,214,At-Risk Accounts,1
16387,323,1,94.36,1,1,1,111,At-Risk Accounts,1
16392,270,1,217.89000000000001,1,1,1,111,At-Risk Accounts,1
16398,154,2,1705.8,1,2,4,124,At-Risk Accounts,2
16400,95,1,303.93,2,1,1,211,At-Risk Accounts,1
16402,265,2,293.45,1,2,1,121,At-Risk Accounts,2
16403,312,1,177.5,1,1,1,111,At-Risk Accounts,1
16404,70,1,443.05,2,1,2,212,At-Risk Accounts,1
16405,302,2,167.25,1,2,1,121,At-Risk Accounts,2
16412,54,1,135.99,2,1,1,211,At-Risk Accounts,1
16413,57,1,262.2,2,1,1,211,At-Risk Accounts,1
16424,191,1,133.56,1,1,1,111,At-Risk Accounts,1
16425,302,1,302.7,1,1,1,111,At-Risk Accounts,1
16427,263,2,241.06,1,2,1,121,At-Risk Accounts,2
16429,106,1,284.55,2,1,1,211,At-Risk Accounts,1
16430,57,1,300.85,2,1,1,211,At-Risk Accounts,1
16432,64,1,287.40000000000003,2,1,1,211,At-Risk Accounts,1
16446,206,1,2.9,1,1,1,111,At-Risk Accounts,1
16447,136,1,255.91,2,1,1,211,At-Risk Accounts,1
16448,198,1,182.99,1,1,1,111,At-Risk Accounts,1
16449,198,2,707.69,1,2,3,123,At-Risk Accounts,2
16450,150,1,311.92,1,1,2,112,At-Risk Accounts,1
16451,88,1,266.96999999999997,2,1,1,211,At-Risk Accounts,1
16454,64,1,5.9,2,1,1,211,At-Risk Accounts,1
16457,218,1,208.36,1,1,1,111,At-Risk Accounts,1
16461,178,1,142.92,1,1,1,111,At-Risk Accounts,1
16468,74,1,74.9,2,1,1,211,At-Risk Accounts,1
16471,275,1,223.95,1,1,1,111,At-Risk Accounts,1
16480,76,1,769.29,2,1,3,213,At-Risk Accounts,1
16483,192,1,139.35,1,1,1,111,At-Risk Accounts,1
16484,174,2,389.3,1,2,2,122,At-Risk Accounts,2
16485,77,1,363.65,2,1,2,212,At-Risk Accounts,1
16494,297,1,826.53,1,1,3,113,At-Risk Accounts,1
16498,161,2,100.97,1,2,1,121,At-Risk Accounts,2
16499,360,2,365.45,1,2,2,122,At-Risk Accounts,2
16509,297,1,363.7,1,1,2,112,At-Risk Accounts,1
16510,372,1,248.1,1,1,1,111,At-Risk Accounts,1
16517,277,1,162.70000000000002,1,1,1,111,At-Risk Accounts,1
16526,172,1,290.36,1,1,1,111,At-Risk Accounts,1
16527,81,1,228.06,2,1,1,211,At-Risk Accounts,1
16529,190,1,455.25,1,1,2,112,At-Risk Accounts,1
16536,110,1,548.12,2,1,2,212,At-Risk Accounts,1
16542,54,1,119.62,2,1,1,211,At-Risk Accounts,1
16545,165,1,339.3,1,1,2,112,At-Risk Accounts,1
16546,291,2,787.15,1,2,3,123,At-Risk Accounts,2
16552,243,2,379.73,1,2,2,122,At-Risk Accounts,2
16563,54,1,1077.74,2,1,3,213,At-Risk Accounts,1
16565,364,1,173.7,1,1,1,111,At-Risk Accounts,1
16567,194,2,865.6,1,2,3,123,At-Risk Accounts,2
16574,71,1,451.44,2,1,2,212,At-Risk Accounts,1
16581,183,1,105.84,1,1,1,111,At-Risk Accounts,1
16582,113,1,313.62,2,1,2,212,At-Risk Accounts,1
16583,374,1,233.45,1,2,1,121,At-Risk Accounts,1
16586,249,1,463.95,1,2,2,122,At-Risk Accounts,1
16587,232,1,225.15,1,2,1,121,At-Risk Accounts,1
16598,286,1,145.05,1,2,1,121,At-Risk Accounts,1
16610,219,1,75.66,1,2,1,121,At-Risk Accounts,1
16611,186,1,129.49,1,2,1,121,At-Risk Accounts,1
16614,183,1,506.19,1,2,2,122,At-Risk Accounts,1
16617,236,1,151.85,1,2,1,121,At-Risk Accounts,1
16619,264,1,226.21,1,2,1,121,At-Risk Accounts,1
16623,246,1,129.45,1,2,1,121,At-Risk Accounts,1
16625,275,1,333.08,1,2,2,122,At-Risk Accounts,1
16634,223,2,217.9,1,2,1,121,At-Risk Accounts,2
16643,246,1,487.51,1,2,2,122,At-Risk Accounts,1
16644,178,2,833.78,1,2,3,123,At-Risk Accounts,2
16647,170,2,214.06,1,2,1,121,At-Risk Accounts,2
16658,368,1,123.24,1,2,1,121,At-Risk Accounts,1
16659,189,1,39.12,1,2,1,121,At-Risk Accounts,1
16665,362,1,135.4,1,2,1,121,At-Risk Accounts,1
16679,366,1,129.75,1,2,1,121,At-Risk Accounts,1
16692,256,2,1126.0,1,2,3,123,At-Risk Accounts,2
16697,241,1,112.75,1,2,1,121,At-Risk Accounts,1
16698,227,2,1998.0,1,2,4,124,At-Risk Accounts,2
16714,317,2,1114.06,1,2,3,123,At-Risk Accounts,2
16716,267,2,901.2,1,2,3,123,At-Risk Accounts,2
16718,369,1,606.05,1,2,2,122,At-Risk Accounts,1
16721,262,1,292.47,1,2,1,121,At-Risk Accounts,1
16727,364,1,256.32,1,2,1,121,At-Risk Accounts,1
16738,298,1,3.75,1,2,1,121,At-Risk Accounts,1
16739,177,1,323.0,1,2,2,122,At-Risk Accounts,1
16752,373,1,207.5,1,2,1,121,At-Risk Accounts,1
16754,372,1,2002.4,1,2,4,124,At-Risk Accounts,1
16756,215,1,239.4,1,2,1,121,At-Risk Accounts,1
16757,319,1,106.83,1,2,1,121,At-Risk Accounts,1
16763,199,1,611.85,1,2,2,122,At-Risk Accounts,1
16765,294,1,34.0,1,2,1,121,At-Risk Accounts,1
16766,273,2,1145.6,1,2,3,123,At-Risk Accounts,2
16769,260,1,361.54,1,2,2,122,At-Risk Accounts,1
16781,372,1,311.25,1,2,2,122,At-Risk Accounts,1
16792,282,2,110.38,1,2,1,121,At-Risk Accounts,2
16795,365,1,414.88,1,2,2,122,At-Risk Accounts,1
16805,174,2,460.59,1,2,2,122,At-Risk Accounts,2
16810,192,1,309.54,1,2,2,122,At-Risk Accounts,1
16812,361,1,479.35,1,2,2,122,At-Risk Accounts,1
16823,227,1,358.38,1,2,2,122,At-Risk Accounts,1
16829,157,1,197.22,1,2,1,121,At-Risk Accounts,1
16834,228,1,413.46,1,2,2,122,At-Risk Accounts,1
16838,197,2,588.85,1,2,2,122,At-Risk Accounts,2
16849,187,1,124.57,1,2,1,121,At-Risk Accounts,1
16850,334,1,332.40999999999997,1,2,2,122,At-Risk Accounts,1
16858,369,1,375.69,1,2,2,122,At-Risk Accounts,1
16859,145,2,732.81,1,2,3,123,At-Risk Accounts,2
16883,187,2,272.48,1,2,1,121,At-Risk Accounts,2
16893,367,1,145.93,1,2,1,121,At-Risk Accounts,1
16897,299,2,289.78,1,2,1,121,At-Risk Accounts,2
16913,290,1,113.44,1,2,1,121,At-Risk Accounts,1
16917,277,1,391.52,1,2,2,122,At-Risk Accounts,1
16926,371,1,230.25,1,2,1,121,At-Risk Accounts,1
16947,236,1,406.48,1,2,2,122,At-Risk Accounts,1
16957,239,2,416.64,1,2,2,122,At-Risk Accounts,2
16963,187,1,110.55,1,2,1,121,At-Risk Accounts,1
16965,227,1,192.07,1,2,1,121,At-Risk Accounts,1
16967,189,1,319.02,1,2,2,122,At-Risk Accounts,1
16976,267,1,251.51999999999998,1,2,1,121,At-Risk Accounts,1
16980,255,2,1028.46,1,2,3,123,At-Risk Accounts,2
16990,219,1,179.0,1,2,1,121,At-Risk Accounts,1
17026,185,2,154.83,1,2,1,121,At-Risk Accounts,2
17035,246,2,433.53,1,2,2,122,At-Risk Accounts,2
17046,157,1,642.02,1,2,2,122,At-Risk Accounts,1
17051,194,1,240.89,1,2,1,121,At-Risk Accounts,1
17060,266,1,234.23999999999998,1,2,1,121,At-Risk Accounts,1
17094,322,1,302.0,1,2,1,121,At-Risk Accounts,1
17102,262,1,25.5,1,2,1,121,At-Risk Accounts,1
17105,159,2,665.78,1,2,3,123,At-Risk Accounts,2
17110,165,1,163.29999999999998,1,2,1,121,At-Risk Accounts,1
17117,288,1,116.2,1,2,1,121,At-Risk Accounts,1
17118,318,1,157.02,1,2,1,121,At-Risk Accounts,1
17120,233,1,307.46,1,2,2,122,At-Risk Accounts,1
17123,162,1,345.3,1,2,2,122,At-Risk Accounts,1
17124,185,1,294.24,1,2,1,121,At-Risk Accounts,1
17128,335,1,157.09,1,2,1,121,At-Risk Accounts,1
17138,276,1,380.5,1,2,2,122,At-Risk Accounts,1
17140,247,1,454.12,1,2,2,122,At-Risk Accounts,1
17142,239,1,579.0,1,2,2,122,At-Risk Accounts,1
17165,284,1,158.68,1,2,1,121,At-Risk Accounts,1
17171,289,1,224.91,1,2,1,121,At-Risk Accounts,1
17174,218,1,59.9,1,2,1,121,At-Risk Accounts,1
17176,202,1,306.13,1,2,2,122,At-Risk Accounts,1
17187,227,1,203.95,1,2,1,121,At-Risk Accounts,1
17194,361,1,226.78,1,2,1,121,At-Risk Accounts,1
17212,253,1,226.85,1,2,1,121,At-Risk Accounts,1
17217,234,1,113.5,1,2,1,121,At-Risk Accounts,1
17226,309,1,393.49,1,2,2,122,At-Risk Accounts,1
17234,183,1,149.89,1,2,1,121,At-Risk Accounts,1
17239,313,1,382.5,1,2,2,122,At-Risk Accounts,1
17245,205,1,171.45000000000002,1,2,1,121,At-Risk Accounts,1
17251,363,1,269.83,1,2,1,121,At-Risk Accounts,1
17263,208,1,63.440000000000005,1,2,1,121,At-Risk Accounts,1
17278,241,1,246.04,1,2,1,121,At-Risk Accounts,1
17291,308,1,550.8,1,2,2,122,At-Risk Accounts,1
17303,361,1,250.04,1,2,1,121,At-Risk Accounts,1
17325,280,1,96.8,1,2,1,121,At-Risk Accounts,1
17343,355,1,193.64,1,2,1,121,At-Risk Accounts,1
17349,179,1,98.25,1,2,1,121,At-Risk Accounts,1
17356,312,1,178.22,1,2,1,121,At-Risk Accounts,1
17367,238,1,167.54999999999998,1,2,1,121,At-Risk Accounts,1
17394,219,1,203.87,1,2,1,121,At-Risk Accounts,1
17408,163,1,32.65,1,2,1,121,At-Risk Accounts,1
17431,313,1,403.3,1,2,2,122,At-Risk Accounts,1
17438,254,1,388.45,1,2,2,122,At-Risk Accounts,1
17443,220,1,534.24,1,2,2,122,At-Risk Accounts,1
17455,204,1,131.7,1,2,1,121,At-Risk Accounts,1
17456,365,1,249.85999999999999,1,2,1,121,At-Risk Accounts,1
17464,158,1,289.96000000000004,1,2,1,121,At-Risk Accounts,1
17486,261,1,396.87,1,2,2,122,At-Risk Accounts,1
17492,248,1,374.57,1,2,2,122,At-Risk Accounts,1
17496,359,1,271.05,1,2,1,121,At-Risk Accounts,1
17499,290,1,622.88,1,2,2,122,At-Risk Accounts,1
17508,281,1,387.31,1,2,2,122,At-Risk Accounts,1
17517,309,1,153.94,1,2,1,121,At-Risk Accounts,1
17524,361,1,145.0,1,2,1,121,At-Risk Accounts,1
17525,360,1,422.7,1,2,2,122,At-Risk Accounts,1
17531,190,1,296.7,1,2,1,121,At-Risk Accounts,1
17535,280,1,164.4,1,2,1,121,At-Risk Accounts,1
17536,177,1,76.5,1,2,1,121,At-Risk Accounts,1
17542,270,1,170.75,1,2,1,121,At-Risk Accounts,1
17548,234,1,103.3,1,2,1,121,At-Risk Accounts,1
17551,359,1,290.34,1,2,1,121,At-Risk Accounts,1
17556,206,1,157.9,1,2,1,121,At-Risk Accounts,1
17569,332,1,344.14,1,2,2,122,At-Risk Accounts,1
17574,243,1,185.65,1,2,1,121,At-Risk Accounts,1
17578,218,1,143.45999999999998,1,2,1,121,At-Risk Accounts,1
17582,236,1,175.27,1,2,1,121,At-Risk Accounts,1
17597,214,1,2044.3700000000001,1,2,4,124,At-Risk Accounts,1
17601,239,1,116.00999999999999,1,2,1,121,At-Risk Accounts,1
17619,312,1,214.37,1,2,1,121,At-Risk Accounts,1
17639,276,1,108.5,1,2,1,121,At-Risk Accounts,1
17643,373,1,101.55,1,2,1,121,At-Risk Accounts,1
17654,277,1,117.55,1,2,1,121,At-Risk Accounts,1
17670,228,1,205.7,1,2,1,121,At-Risk Accounts,1
17678,264,1,298.11,1,2,1,121,At-Risk Accounts,1
17697,236,1,338.95,1,2,2,122,At-Risk Accounts,1
17698,261,1,154.95,1,2,1,121,At-Risk Accounts,1
17701,253,1,417.95,1,2,2,122,At-Risk Accounts,1
17709,170,1,137.45,1,2,1,121,At-Risk Accounts,1
17714,321,1,153.0,1,2,1,121,At-Risk Accounts,1
17715,201,1,326.4,1,2,2,122,At-Risk Accounts,1
17718,232,1,139.35,1,2,1,121,At-Risk Accounts,1
17732,373,1,303.97,1,2,2,122,At-Risk Accounts,1
17746,240,1,110.25,1,2,1,121,At-Risk Accounts,1
17752,359,1,80.64,1,2,1,121,At-Risk Accounts,1
17763,263,1,15.0,1,2,1,121,At-Risk Accounts,1
17775,255,1,56.4,1,2,1,121,At-Risk Accounts,1
17789,281,1,225.9,1,2,1,121,At-Risk Accounts,1
17829,299,1,889.24,1,2,3,123,At-Risk Accounts,1
17843,303,1,197.73,1,2,1,121,At-Risk Accounts,1
17855,373,1,208.97,1,2,1,121,At-Risk Accounts,1
17859,305,1,141.92,1,2,1,121,At-Risk Accounts,1
17860,369,1,226.45,1,2,1,121,At-Risk Accounts,1
17862,324,1,330.9,1,2,2,122,At-Risk Accounts,1
17871,205,1,155.9,1,2,1,121,At-Risk Accounts,1
17877,170,1,237.60999999999999,1,2,1,121,At-Risk Accounts,1
17879,174,1,178.52,1,2,1,121,At-Risk Accounts,1
17880,365,1,458.92,1,2,2,122,At-Risk Accounts,1
17881,304,1,133.35,1,2,1,121,At-Risk Accounts,1
17891,162,1,203.85999999999999,1,2,1,121,At-Risk Accounts,1
17893,225,1,107.21,1,2,1,121,At-Risk Accounts,1
17899,159,1,154.55,1,2,1,121,At-Risk Accounts,1
17906,247,1,72.9,1,2,1,121,At-Risk Accounts,1
17908,374,1,232.03,1,2,1,121,At-Risk Accounts,1
17923,282,1,207.5,1,2,1,121,At-Risk Accounts,1
17925,373,1,244.08,1,2,1,121,At-Risk Accounts,1
17939,160,1,99.14,1,2,1,121,At-Risk Accounts,1
17948,147,1,358.56,1,2,2,122,At-Risk Accounts,1
17956,249,1,12.75,1,2,1,121,At-Risk Accounts,1
17960,171,1,73.78,1,2,1,121,At-Risk Accounts,1
17967,372,1,112.27,1,2,1,121,At-Risk Accounts,1
17968,374,1,265.1,1,2,1,121,At-Risk Accounts,1
17970,211,1,562.79,1,2,2,122,At-Risk Accounts,1
17972,242,1,135.19,1,2,1,121,At-Risk Accounts,1
17976,372,1,321.79,1,2,2,122,At-Risk Accounts,1
17978,365,1,300.92,1,2,1,121,At-Risk Accounts,1
17984,145,1,152.68,1,2,1,121,At-Risk Accounts,1
17987,185,1,198.57,1,2,1,121,At-Risk Accounts,1
17995,282,1,76.1,1,2,1,121,At-Risk Accounts,1
18004,362,1,157.92,1,2,1,121,At-Risk Accounts,1
18009,235,1,247.39,1,2,1,121,At-Risk Accounts,1
18010,257,1,174.8,1,2,1,121,At-Risk Accounts,1
18011,373,1,102.78999999999999,1,2,1,121,At-Risk Accounts,1
18032,334,1,73.5,1,2,1,121,At-Risk Accounts,1
18050,359,1,74.4,1,2,1,121,At-Risk Accounts,1
18056,288,1,363.65,1,2,2,122,At-Risk Accounts,1
18068,289,1,101.7,1,2,1,121,At-Risk Accounts,1
18072,186,1,247.44,1,2,1,121,At-Risk Accounts,1
18074,374,1,489.6,1,2,2,122,At-Risk Accounts,1
18086,274,1,101.34,1,2,1,121,At-Risk Accounts,1
18087,291,1,3202.92,1,2,4,124,At-Risk Accounts,1
18106,330,1,421.9,1,2,2,122,At-Risk Accounts,1
18108,254,1,271.0,1,2,1,121,At-Risk Accounts,1
18113,369,1,76.32,1,2,1,121,At-Risk Accounts,1
18114,290,1,220.1,1,2,1,121,At-Risk Accounts,1
18119,368,1,180.7,1,2,1,121,At-Risk Accounts,1
18120,214,1,111.15,1,2,1,121,At-Risk Accounts,1
18129,243,1,112.55,1,2,1,121,At-Risk Accounts,1
18133,212,1,931.5,1,2,3,123,At-Risk Accounts,1
18138,295,1,152.65,1,2,1,121,At-Risk Accounts,1
18159,301,1,530.15,1,2,2,122,At-Risk Accounts,1
18165,177,1,302.46,1,2,1,121,At-Risk Accounts,1
18176,358,1,476.34999999999997,1,2,2,122,At-Risk Accounts,1
18185,249,1,304.25,1,2,2,122,At-Risk Accounts,1
18191,262,1,207.8,1,2,1,121,At-Risk Accounts,1
18193,165,1,243.76,1,2,1,121,At-Risk Accounts,1
18203,157,1,160.42000000000002,1,2,1,121,At-Risk Accounts,1
18212,326,1,216.07,1,2,1,121,At-Risk Accounts,1
18213,237,1,232.48,1,2,1,121,At-Risk Accounts,1
18220,227,1,305.28,1,2,2,122,At-Risk Accounts,1
18224,264,1,158.95,1,2,1,121,At-Risk Accounts,1
18227,218,1,93.75,1,2,1,121,At-Risk Accounts,1
18233,326,1,440.0,1,2,2,122,At-Risk Accounts,1
18250,310,1,349.27,1,2,2,122,At-Risk Accounts,1
18269,366,1,168.6,1,2,1,121,At-Risk Accounts,1
18280,278,1,180.6,1,2,1,121,At-Risk Accounts,1
18281,181,1,80.82,1,2,1,121,At-Risk Accounts,1
